Name,Calories,Total Fat (g),Saturated Fat (g),Trans Fat (g),Cholesterol (mg),Sodium (mg),Carbohydrates (g),Fiber (g),Sugars (g),Protein (g),Caffeine (mg),Calcium (mg),Iron (mg),Zinc (mg),Vitamin A (μg),Vitamin E (mg),Vitamin D (μg),Vitamin C (mg),Thiamin (mg),Riboflavin (mg)
2% Milk (8 fl oz),120,5,3,0,20,115,12,,12,8,0,325,0,,,,,,,
3G Energy + Green Caffeine Boost,5,0,0,,,0,3,2,0,0,119,,,,,,,,,
88 Acres Chocolate Sea Salt,200,11,2.5,0,0,115,22,3,9,6,0,52,1.8,,,,0,,,
88 Acres Mixed Berry Bar,190,9,1,0,0,110,23,3,10,5,0,52,1.8,,,,,,,
Acai-Grape Juice Blend Concentrate (8 fl oz),360,9,2,0,0,40,66,,48,4,0,78,5.4,0,,,,837,,
Acai Primo Bowl,510,11,3.5,0,0,45,100,11,63,8,0,104,4.5,0.66,72,34.5,0,585,0.18,0.13
Acai Super-Antioxidant Smoothie (Large),550,7,2,0,5,130,111,6,88,10,0,195,9,3.3,1800,67.5,20,1035,1.08,1.17
Acai Super-Antioxidant Smoothie (Medium),430,6,1.5,0,0,100,88,5,69,7,0,130,8.1,3.3,1800,57,20,855,1.08,1.17
Acai Super-Antioxidant Smoothie (Small),330,4,1,0,0,80,67,3,53,6,0,130,7.2,2.75,1800,45,20,666,1.08,1.17
Almondmilk (8 fl oz),25,2,0,0,0,130,1,,0,0,0,455,0,,,,,0,,
Aloha Pineapple Smoothie (Large),470,2.5,1,0,5,45,106,106,92,8,0,195,1.08,0.22,18,0.3,0,117,0.024,0.052
Aloha Pineapple Smoothie (Medium),360,2,1,0,5,40,81,3,69,7,0,130,0.72,0.22,0,0.3,0,81,0.024,0.052
Aloha Pineapple Smoothie (Small),270,1,0.5,0,5,35,59,2,51,6,0,130,0.36,0.22,0,0.3,0,54,0.024,0.026
Apple 'n Greens Smoothie (Medium),320,1,0,0,0,55,76,6,58,6,0,195,1.8,0.44,1980,1.5,0,189,0.12,0.13
Apple 'n Greens Smoothie (Small),250,1,0,0,0,50,58,5,44,5,0,195,1.8,0.44,1890,1.5,0,180,0.096,0.13
Apple 'n Greens Smoothie (Large),400,1.5,0,0,0,70,96,8,74,7,0,260,2.7,0.66,2610,2.25,0,252,0.18,0.195
Apple Cinnamon Pretzel,390,4.5,0,0,0,290,78,3,15,9,0,26,2.7,,,,,,,
"Banana, Fresh (Topping)",60,0,0,0,0,0,15,2,8,1,0,0,0,0,0,0,0,9,0.024,0.026
Blackberry Pear Juice Blend (8 fl oz),90,0,0,0,0,10,21,,20,1,0,26,0,0,,,,0,0,0
Blue Spirulina Boost,0,0,0,0,0,0,0,0,0,0,0,0,0,,0,,,0,,
Blueberry Strawberry Blast-Off Smoothie (10 oz),170,0,0,0,0,15,41,3,33,1,0,26,0.36,0.22,18,0.3,0,40.5,0.024,0.052
Blueberry Strawberry Blast-Off Smoothie (12 oz),180,0.5,0,0,0,15,44,4,34,1,0,26,0.72,0.22,18,0.3,0,72,0.048,0.052
"Blueberry, Fresh (Topping)",10,0,0,0,0,0,2,0,1,0,0,0,0,0,0,0,0,1.8,0,0
Caribbean Passion Smoothie (Large),420,2,1,0,5,55,101,4,88,3,0,130,2.7,0.22,135,0.6,0,153,0.024,0.026
Caribbean Passion Smoothie (Medium),330,2,1,0,5,45,80,3,70,2,0,104,1.8,0.22,90,0.6,0,117,0.024,0.026
Caribbean Passion Smoothie (Small),250,1,0.5,0,5,35,60,2,53,2,0,78,1.44,0.22,90,0.3,0,81,0.024,0.026
Cheddar Tomato Twist,250,6,2,0,10,430,41,1,3,9,0,78,1.8,,,,0,,,
Chocolate Covered Strawberry Smoothie (Large),710,8,4.5,0,25,310,146,5,134,21,0,780,2.7,0,,,,72,0,0
Chocolate Covered Strawberry Smoothie (Medium),570,6,3.5,0,20,240,116,4,107,17,0,780,1.8,0,90,0.3,0,81,0.024,0.026
Chocolate Covered Strawberry Smoothie (Small),400,4.5,2.5,0,15,180,83,3,76,12,0,520,1.44,0,72,0,0,54,0,0
Chunky Strawberry Bowl,580,18,2.5,0,0,125,90,12,44,20,0,195,3.6,1.1,18,1.2,0,126,0.24,0.13
Cinnamon Boost,0,0,0,0,0,0,1,1,0,0,0,0,0,0,0,0,0,0,0,0
Citrus Kale Juice (Large),370,2.5,0,0,0,50,85,7,59,10,0,325,2.7,0.66,2340,1.5,0,666,0.54,0.26
Citrus Kale Juice (Medium),280,2,0,0,0,40,64,5,44,7,0,260,2.7,0.66,1800,1.2,0,495,0.42,0.195
Citrus Kale Juice (Small),240,1.5,0,0,0,25,55,4,38,6,0,195,1.8,0.44,1170,0.9,0,396,0.36,0.195
Classic Sausage (Egg + Cheese Handwich),320,23,8,0,120,590,14,1,2,12,0,195,1.08,,18,,,1.8,,
Coconut Flakes (Topping),25,2,2,0,0,0,1,1,0,0,0,0,0,,,,,,,
"Cocowhip, Topping (Green Scoop)",80,6,6,0,0,0,11,0,6,0,0,0,0,,,15,,,,
Cold Brew Coffee (8 fl oz),15,0,0,0,0,0,3,,0,0,169,0,0,0,,,,0,0,0
Cold Brew Over Ice + Agave (Large),50,0,0,0,0,15,11,0,5,0,381,26,0,0,0,0,0,0,0,0
Cold Brew Over Ice + Agave (Medium),45,0,0,0,0,10,10,0,5,0,296,0,0,0,0,0,0,0,0,0
Cold Brew Over Ice + Agave (Small),45,0,0,0,0,10,9,0,5,0,254,0,0,0,0,0,0,0,0,0
Cold Brew Over Ice with Sweet Cloud Whip Foam (Large),110,3.5,3,0,0,25,19,0,8,0,339,78,0,0,72,7.5,0.8,0,0,0.026
Cold Brew Over Ice with Sweet Cloud Whip Foam (Medium),100,3.5,3,0,0,20,17,0,8,0,254,78,0,0,72,7.5,0.8,0,0,0.026
Cold Brew Over Ice with Sweet Cloud Whip Foam (Small),100,3.5,3,0,0,20,16,0,8,0,212,78,0,0,72,7.5,0.8,0,0,0.026
Cold Brew Over Ice (Large),25,0,0,0,0,15,5,0,0,0,338,26,0,0,0,0,0,0,0,0
Cold Brew Over Ice (Medium),20,0,0,0,0,10,4,0,0,0,253,0,0,0,0,0,0,0,0,0
Cold Brew Over Ice (Small),15,0,0,0,0,10,3,0,0,0,169,0,0,0,0,0,0,0,0,0
Cucumber Orange Cooler Juice (Medium),260,1,0,0,0,15,63,3,47,4,0,130,1.8,0.44,180,0.3,0,306,0.36,0.13
Cucumber Orange Cooler Juice (Small),190,1,0,0,0,10,46,2,36,3,0,78,1.08,0.22,135,0,0,207,0.24,0.104
Cucumber Orange Cooler (Large),330,1.5,0,0,0,20,79,3,60,5,0,130,1.8,0.66,225,0.3,0,360,0.42,0.195
Daily Vitamin + Zinc Boost,10,0,0,,,0,2,0,0,0,0,26,3.6,2.75,1710,12,20,135,1.08,1.04
Dragon Fruit Delight Bowl,440,7,2.5,0,0,15,92,12,58,6,0,78,1.8,0.66,225,0.6,0,117,0.18,0.104
Electric Berry Lemonade Smoothie (Large),420,1.5,0.5,0,5,55,99,3,89,4,0,195,0.72,0.22,36,0.6,0,126,0.024,0.026
Electric Berry Lemonade Smoothie (Medium),340,1,0,0,0,40,81,3,74,3,0,130,0.72,0.22,36,0.6,0,90,0.024,0.026
Electric Berry Lemonade Smoothie (Small),230,1,0,0,0,30,54,2,49,2,0,78,0.36,0,18,0.3,0,63,0.024,0.026
Plant-Based Electric Berry Lemonade Smoothie (Large),510,13,11,0,0,20,99,5,81,3,0,52,1.44,0.22,36,0.6,0,126,0.024,0.026
Plant-Based Electric Berry Lemonade Smoothie (Medium),420,11,9,0,0,15,82,4,68,3,0,52,1.08,0.22,36,0.6,0,90,0.024,0.026
Plant-Based Electric Berry Lemonade Smoothie (Small),260,6,5,0,0,10,53,2,44,2,0,26,0.72,0,18,0.3,0,63,0.024,0.026
Fat Free Vanilla Frozen Yogurt (Blue Scoop),60,0,0,0,0,25,13,0,12,1,0,78,0,,,,0,,,
Fat Free Vanilla Frozen Yogurt (Green Scoop),70,0,0,0,0,30,16,0,15,2,0,78,0,,,,0,,,
Fat Free Vanilla Frozen Yogurt (Red Scoop),35,0,0,0,0,15,8,0,8,1,0,52,0,,,,0,,,
Fruity Rocks Smoothie (Large),550,4,2.5,0,10,160,116,2,105,9,0,195,2.7,0.22,0,0.3,0,108,0.024,0.026
Fruity Rocks Smoothie (Medium),400,3,2,0,10,115,85,2,77,6,0,130,1.8,0,0,0.3,0,81,0.024,0.026
Fruity Rocks Smoothie (Small),280,2,1,0,5,85,59,1,53,4,0,104,1.08,0,0,0,0,54,0,0
Ginger Puree Boost,30,0,0,0,0,5,6,1,1,1,0,0,0.36,,0,,0,3.6,,
Ginger Shot (Rtd),25,0,0,0,0,0,6,0,3,0,0,0,0,0,0,0,,45,0,0
Gingerbread Smoothie (Large),690,5,3,0,20,430,146,0,132,16,0,780,7.2,0,90,0,0,3.6,0,0
Gingerbread Smoothie (Medium),510,4,2,0,15,320,107,0,97,12,0,585,5.4,0,72,0,0,3.6,0,0
"Gingerbread Smoothie, Plant Based with Syrup (Large)",840,30,23,0,0,300,140,5,100,6,0,585,8.1,0,630,0,7,3.6,0,0.455
"Gingerbread Smoothie, Plant Based with Syrup (Medium)",670,24,19,0,0,230,112,4,80,5,0,455,6.3,0,450,0,5,3.6,0,0.325
"Gingerbread Smoothie, Plant Based with Syrup (Small)",430,15,11,0,0,160,74,2,54,3,0,260,3.6,0,315,0,3,1.8,0,0.195
"Gingerbread Smoothie, Plant Based (Large)",790,30,23,0,0,290,129,5,90,6,0,585,8.1,0,630,0,7,3.6,0,0.455
"Gingerbread Smoothie, Plant Based (Medium)",630,24,19,0,0,220,101,4,70,5,0,390,6.3,0,450,0,5,3.6,0,0.325
"Gingerbread Smoothie, Plant Based (Small)",390,15,11,0,0,140,63,2,43,3,0,260,3.6,0,315,0,3,1.8,0,0.195
Gingerbread Smoothie (Small),350,2.5,1.5,0,10,220,74,0,67,8,0,390,3.6,0,36,0,0,1.8,0,0
Granola (Topping),110,4,0.5,0,0,10,16,2,4,3,0,26,0.72,0.44,0,,,0,0.096,0.026
Great Greens Juice (Large),230,1.5,0,0,0,120,55,6,37,6,0,260,4.5,1.1,2070,2.25,0,90,0.24,0.325
Great Greens Juice (Medium),190,1,0,0,0,95,44,5,30,5,0,195,3.6,0.88,1710,1.5,0,72,0.18,0.26
Great Greens Juice (Small),140,1,0,0,0,70,33,3,22,4,0,195,2.7,0.66,1260,1.2,0,54,0.12,0.195
Greens 'n Ginger Smoothie (Large),380,1.5,0,0,0,40,91,7,77,6,0,195,1.8,0.44,2070,2.25,0,216,0.12,0.13
Greens 'n Ginger Smoothie (Medium),290,1,0,0,0,30,70,5,60,4,0,130,1.44,0.44,1440,1.5,0,153,0.096,0.104
Greens 'n Ginger Smoothie (Small),230,1,0,0,0,25,56,4,48,4,0,130,1.08,0.44,1350,1.2,0,144,0.072,0.078
Honest Tea (Black Tea),0,0,0,0,0,0,0,0,0,0,0,0,0,,,,0,,,
Honest Tea (Green Tea),35,0,0,0,0,0,9,0,9,0,0,0,0,,,,0,,,
Honey (Topping),30,0,0,0,0,0,9,0,9,0,0,0,0,0,0,0,0,0,0,0
Impossible Handwich,220,12,5,0,15,580,16,2,1,11,0,260,1.8,,18,,,1.8,,
Individually Quick Frozen Bananas (Blue Scoop),45,0,0,0,0,0,11,1,6,1,0,0,0,0,0,0,0,7.2,0,0.026
Individually Quick Frozen Bananas (Green Scoop),50,0,0,0,0,0,13,2,7,1,0,0,0,0,0,0,0,7.2,0.024,0.026
Individually Quick Frozen Bananas (Red Scoop),30,0,0,0,0,0,8,1,4,0,0,0,0,0,0,0,0,3.6,0,0.026
Individually Quick Frozen Blueberries (Blue Scoop),30,0,0,0,0,0,8,1,5,0,0,0,0,0,0,0.3,0,7.2,0.024,0.026
Individually Quick Frozen Blueberries (Green Scoop),35,0,0,0,0,0,9,1,6,0,0,0,0,0,0,0.3,0,9,0.024,0.026
Individually Quick Frozen Blueberries (Red Scoop),20,0,0,0,0,0,5,1,3,0,0,0,0,0,0,0,0,5.4,0,0
Individually Quick Frozen Kale (Blue Scoop),15,0,0,0,0,10,3,1,1,1,0,52,0.36,0.22,540,0.3,0,54,0.024,0.026
Individually Quick Frozen Kale (Red Scoop),5,0,0,0,0,0,1,0,0,1,0,26,0.36,0,225,0,0,22.5,0,0
Individually Quick Frozen Mangos (Blue Scoop),35,0,0,0,0,0,9,1,8,0,0,0,0,0,360,0.3,,22.5,0.024,0.026
Individually Quick Frozen Mangos (Green Scoop),40,0,0,0,0,0,10,1,9,0,0,0,0,0,405,0.6,,22.5,0.024,0.026
Individually Quick Frozen Mangos (Red Scoop),20,0,0,0,0,0,6,1,5,0,0,0,0,0,225,0.3,,13.5,0.024,0.026
Individually Quick Frozen Peaches (Blue Scoop),20,0,0,0,0,0,5,1,4,0,0,0,0,0,36,0.3,0,5.4,0,0
Individually Quick Frozen Peaches (Green Scoop),20,0,0,0,0,0,5,1,5,1,0,0,0,0,36,0.3,0,5.4,0,0
Individually Quick Frozen Peaches (Red Scoop),15,0,0,0,0,0,3,0,3,0,0,0,0,0,18,0.3,0,3.6,0,0
Individually Quick Frozen Pineapple (Blue Scoop),25,0,0,0,0,0,6,1,4,0,0,0,0,0,0,0,0,31.5,0.024,0
Individually Quick Frozen Pineapple (Green Scoop),30,0,0,0,0,0,8,1,6,0,0,0,0.36,0,0,0,0,45,0.048,0.026
Individually Quick Frozen Pineapple (Red Scoop),15,0,0,0,0,0,4,0,3,0,0,0,0,0,0,0,0,22.5,0.024,0
Individually Quick Frozen Pitaya (Black Scoop),20,0,0,0,0,0,3,1,2,0,0,0,0,,,,,3.6,,
Individually Quick Frozen Strawberries (Blue Scoop),15,0,0,0,0,0,3,1,2,0,0,0,0,0,0,0,0,40.5,0,0
Individually Quick Frozen Strawberries (Green Scoop),20,0,0,0,0,0,5,1,3,0,0,0,0.36,0,0,0,0,54,0,0
Individually Quick Frozen Strawberries (Red Scoop),10,0,0,0,0,0,2,1,1,0,0,0,0,0,0,0,0,27,0,0
Kale Boost,15,0,0,0,0,10,3,1,1,1,0,52,0.36,0.22,540,0.3,0,54,0.024,0.026
"Kale-Rribbean Breeze Smoothie, Plant-Based (Large)",470,4.5,3,0,0,70,110,7,91,6,0,260,3.6,0.44,2880,2.25,0,270,0.18,0.195
"Kale-Rribbean Breeze Smoothie, Plant-Based (Medium)",390,4.5,3,0,0,60,90,7,73,6,0,195,2.7,0.44,2700,2.25,0,252,0.12,0.13
"Kale-Rribbean Breeze Smoothie, Plant-Based (Small)",300,4,3,0,0,55,66,5,52,5,0,195,2.7,0.44,2070,1.5,0,207,0.096,0.104
Lemon Ginger Cayenne Shot,15,0,0,0,0,0,4,0,1,0,0,0,0,0,0,0,0,18,0,0
Lemonade (8 fl oz),120,0,0,0,0,0,29,,29,0,0,0,0,0,,,,7.2,0,0
Lime Sherbet (Blue Scoop),60,0.5,0,0,0,10,12,0,11,0,0,26,0,,,,,,,
Lime Sherbet (Green Scoop),70,1,0.5,0,5,10,16,0,14,0,0,26,0,,,,,,,
Lime Sherbet (Red Scoop),35,0,0,0,0,5,8,0,7,0,0,26,0,,,,,,,
Mango and Passionfruit Flavored Pear Juice Blend (8 fl oz),110,0,0,0,0,15,26,,24,1,0,26,1.08,0,,,,13.5,0,0
Mango-A-Go-Go Smoothie (Large),510,2,1.5,0,5,60,123,4,110,2,0,130,1.8,0,1350,1.5,0,117,0.096,0.078
Mango-A-Go-Go Smoothie (Medium),390,2,1,0,5,45,96,3,85,2,0,104,1.44,0,1170,1.2,0,90,0.072,0.078
Mango-A-Go-Go Smoothie (Small),290,1,0.5,0,5,35,70,2,63,1,0,78,1.44,0,810,0.9,0,63,0.048,0.052
Matcha Green Tea Blast Smoothie (Large),480,0,0,0,0,220,102,1,95,14,50,390,1.8,0,540,0,0,0,0,0
Matcha Green Tea Blast Smoothie (Medium),380,0,0,0,0,180,82,1,76,12,50,325,1.44,0,540,0,0,0,0,0
Matcha Green Tea Blast Smoothie (Small),260,0,0,0,0,125,56,1,52,8,50,195,1.44,0,540,0,0,0,0,0
Matcha Green Tea Powder Boost,5,0,0,0,0,0,0,0,0,0,25,0,0,,270,,,0,,
Matcha Green Tea (8 fl oz),30,0,0,0,0,10,3,,0,3,276,26,1.8,0,,,,3.6,0,0
Matcha Over Ice + Agave (Large),90,1,0,0,0,30,13,8,5,6,634,104,3.6,0,6210,0,0,9,0,0
Matcha Over Ice + Agave (Medium),70,1,0,0,0,20,11,6,5,5,495,78,2.7,0,4860,0,0,7.2,0,0
Matcha Over Ice + Agave (Small),70,0.5,0,0,0,20,11,5,5,4,420,78,2.7,0,4140,0,0,5.4,0,0
Matcha Over Ice with Sweet Cloud Whip Foam (Large),140,4.5,3,0,0,35,20,7,8,6,565,130,3.6,0,5580,7.5,0.8,7.2,0,0.052
Matcha Over Ice with Sweet Cloud Whip Foam (Medium),140,5,4,0,0,35,20,6,9,4,425,130,2.7,0,4230,10.5,0.8,5.4,0,0.052
Matcha Over Ice with Sweet Cloud Whip Foam (Small),130,5,4,0,0,30,19,5,9,4,350,130,1.8,0,3510,10.5,0.8,5.4,0,0.052
Matcha Over Ice (Large),60,1,0,0,0,30,7,7,0,5,562,104,3.6,0,5580,0,0,7.2,0,0
Matcha Over Ice (Medium),45,0.5,0,0,0,20,5,5,0,4,421,78,2.7,0,4140,0,0,5.4,0,0
Matcha Over Ice (Small),30,0,0,0,0,15,4,4,0,3,281,52,1.44,0,2790,0,0,3.6,0,0
Maui Mama (Large),420,2.5,1,0,5,25,98,4,89,3,0,130,1.08,0.22,0,0.3,0,144,0.048,0.026
Maui Mama (Medium),310,1.5,1,0,5,20,72,3,65,2,0,104,0.72,0.22,0,0.3,0,108,0.048,0.026
Maui Mama (Small),220,1,0.5,0,5,15,53,2,47,1,0,52,0.36,0,0,0,0,72,0.024,0.026
Mega Mango Smoothie (Large),330,1,0,0,0,10,80,6,71,4,0,78,1.08,0.22,1260,1.5,0,270,0.12,0.104
Mega Mango Smoothie (Medium),280,1,0,0,0,10,69,5,62,3,0,78,0.72,0.22,1080,1.5,0,216,0.096,0.104
Mega Mango Smoothie (Small),190,0.5,0,0,0,5,46,3,41,2,0,52,0.72,0.22,720,0.9,0,144,0.072,0.052
Merry Orange Cranberry Smoothie (Large),780,8,7,0,10,65,167,1,130,2,0,130,0.72,0,18,15,0,99,0.024,0.026
Merry Orange Cranberry Smoothie (Medium),580,8,7,0,5,50,121,1,95,2,0,130,0.36,0,18,15,0,72,0.024,0.026
Merry Orange Cranberry Smoothie (Small),410,7,6,0,5,35,85,0,65,1,0,78,0.36,0,0,15,0,45,0,0
"Merry Orange Cranberry Smoothie, Without Cocowhip (Large)",700,2.5,1.5,0,10,65,156,1,125,2,0,130,0.72,0,18,0,0,99,0.024,0.026
"Merry Orange Cranberry Smoothie, Without Cocowhip (Medium)",490,2,1.5,0,5,50,110,1,90,2,0,130,0.36,0,18,0,0,72,0.024,0.026
"Merry Orange Cranberry Smoothie, Without Cocowhip (Small)",330,1.5,1,0,5,35,74,0,60,1,0,78,0.36,0,0,0,0,45,0,0
Mixed Berry Flavored Grape Juice Blend (8 fl oz),140,0,0,0,0,20,33,0,32,0,0,26,0,0,0,0,0,1.8,0,0
"National Smoothie Day, Mystery Smoothie (Large)",510,3.5,2.5,0,10,75,117,1,105,1,0,195,0.36,0,0,0.3,0,9,0.024,0.026
"National Smoothie Day, Mystery Smoothie (Medium)",410,3,2,0,10,60,92,1,83,1,0,130,0.36,0,0,0.3,0,9,0.024,0.026
"National Smoothie Day, Mystery Smoothie (Small)",290,2,1,0,5,45,67,1,61,0,0,104,0.36,0,0,0,0,5.4,0,0
Non-Fat Greek Yogurt Boost,40,0,0,0,0,30,3,0,2,7,0,104,0,,0,,,0,,
Oatmeal,150,2,0,0,0,20,28,3,5,5,0,104,0,0,0,0,0,1.8,0,0
Oatmilk Frozen Dessert (Blue Scoop),100,5,4.5,0,0,0,13,1,9,1,0,0,0.36,,,,,,,
Oatmilk Frozen Dessert (Green Scoop),120,6,6,0,0,0,16,1,11,1,0,0,0.36,,,,,,,
Oatmilk Frozen Dessert (Red Scoop),60,3,2.5,0,0,0,8,0,5,0,0,0,0,,,,,,,
Oatmilk (8 fl oz),120,5,0.5,0,0,110,18,,7,2,0,390,1.08,,,,,0,,0.39
Off The Eaten Path Chickpea Veggie Chip,130,4.5,0,0,0,150,18,3,2,4,0,52,0.72,,,,0,,,
Off The Eaten Path Rosemary + Olive Oil Hummus Chip,130,5,0.5,0,0,170,18,2,1,3,0,26,0.72,,,,0,,,
Orange Carrot Twist Juice (Large),350,2,0,0,0,270,82,12,55,7,0,195,1.8,0.88,11610,2.25,0,360,0.54,0.26
Orange Carrot Twist Juice (Medium),280,1.5,0,0,0,210,64,9,43,5,0,195,1.44,0.66,9090,1.5,0,279,0.42,0.195
Orange Carrot Twist Juice (Small),200,1,0,0,0,150,47,7,31,4,0,130,1.08,0.44,6660,1.2,0,207,0.3,0.13
Orange C-Booster Smoothie (Large),400,2.5,1,0,5,30,90,3,76,4,0,130,4.5,3.3,1890,12,20,324,1.08,1.17
Orange C-Booster Smoothie (Medium),310,2,1,0,5,25,71,3,59,3,0,130,4.5,3.3,1800,12,20,270,1.08,1.17
Orange C-Booster Smoothie (Small),230,1.5,0.5,0,5,15,52,2,43,2,0,104,4.5,3.3,1800,12,20,243,1.08,1.17
Orange Dream Machine Smoothie (Large),530,2.5,1.5,0,10,160,116,0,108,9,0,325,1.08,0,18,0,0,81,0.024,0.026
Orange Dream Machine Smoothie (Medium),420,2,1.5,0,5,115,91,0,85,7,0,260,0.72,0,18,0,0,72,0.024,0.026
Orange Dream Machine Smoothie (Small),300,1.5,1,0,5,90,65,0,61,5,0,195,0.72,0,0,0,0,45,0,0
Orange Ginger Cayenne Shot,25,0,0,0,0,0,5,0,3,0,0,0,0,0,18,0,0,22.5,0.024,0
Orange Juice (8 fl oz),110,0,0,0,0,10,25,,25,1,0,0,0,0,,,,36,0,0
Orange Sherbet (Blue Scoop),50,0.5,0,0,0,10,12,0,11,0,0,26,0,,,,,,,
Orange Sherbet (Green Scoop),70,1,0.5,0,5,10,15,0,14,0,0,26,0,,,,,,,
Orange Sherbet (Red Scoop),35,0,0,0,0,5,8,0,7,0,0,26,0,,,,,,,
Orange Supreme Juice (Large),350,1.5,0,0,0,125,85,9,56,5,0,130,1.44,0.44,5040,0.9,0,216,0.3,0.195
Orange Supreme Juice (Medium),300,1,0,0,0,85,74,7,49,4,0,104,1.08,0.44,3330,0.6,0,171,0.24,0.195
Orange Supreme Juice (Small),240,1,0,0,0,80,59,6,39,3,0,78,1.08,0.44,3330,0.6,0,162,0.24,0.13
Organic Agave (Topping),25,0,0,0,0,0,5,0,5,0,0,0,0,0,0,0,0,0,0,0
Pb + Banana Protein (Pea) Smoothie (Large),710,34,8,0,25,500,72,7,51,42,0,650,5.4,0.22,135,3,0,13.5,0.024,0.078
Pb + Banana Protein (Pea) Smoothie (Medium),550,24,6,0,20,420,57,5,41,36,0,585,5.4,0.22,90,2.25,0,13.5,0.024,0.052
Pb + Banana Protein (Pea) Smoothie (Small),480,23,5,0,15,390,43,5,30,33,0,455,5.4,0,72,2.25,0,9,0.024,0.052
Pb + Banana Protein (Soy) Smoothie (Large),700,33,8,0,25,310,70,7,49,41,0,520,1.44,0.22,0,3,0,13.5,0.024,0.078
Pb + Banana Protein (Soy) Smoothie (Medium),530,23,6,0,20,220,54,5,39,35,0,390,1.08,0.22,0,2.25,0,13.5,0.024,0.052
Pb + Banana Protein (Soy) Smoothie (Small),460,22,5,0,15,190,41,5,28,32,0,325,1.08,0,0,2.25,0,9,0.024,0.052
Pb + Banana Protein (Whey) Smoothie (Large),830,35,9,0,100,370,91,7,68,51,0,650,1.8,0.22,135,3,0,13.5,0.024,0.078
Pb + Banana Protein (Whey) Smoothie (Medium),650,25,7,0,95,290,71,5,53,44,0,585,1.44,0.22,135,2.25,0,13.5,0.024,0.052
Pb + Banana Protein (Whey) Smoothie (Small),560,23,6,0,90,260,53,5,38,42,0,520,1.44,0,90,2.25,0,9,0.024,0.052
Pb Chocolate Love Smoothie (Large),820,34,9,0,30,380,113,10,83,30,0,780,2.7,0.22,135,3,0,22.5,0.048,0.104
Pb Chocolate Love Smoothie (Medium),670,25,7,0,25,300,99,8,75,23,0,650,2.7,0.22,135,2.25,0,18,0.024,0.078
Pb Chocolate Love Smoothie (Small),430,14,4.5,0,20,200,68,5,53,15,0,455,1.44,0.22,90,0.9,0,13.5,0.024,0.052
Pea Protein Boost,45,0.5,0,0,0,100,1,0,1,9,0,78,1.8,,,,0,,,
Peach Flavored Pear Juice Blend (8 fl oz),45,0.5,0,0,0,100,1,0,1,9,0,78,1.8,,,,0,,,
Peach Perfection Smoothie (Large),360,1,0,0,0,40,88,5,76,3,0,78,1.8,0.22,900,1.5,0,117,0.096,0.078
Peach Perfection Smoothie (Medium),310,0.5,0,0,0,35,76,4,66,3,0,78,1.8,0.22,810,1.5,0,90,0.072,0.078
Peach Perfection Smoothie (Small),200,0,0,0,0,25,51,3,44,2,0,52,1.08,0.22,540,0.9,0,63,0.048,0.052
Peanut Butter Boost,100,9,1.5,0,0,55,4,1,1,4,0,26,0.36,,0,0.9,,0,,
Peanut Butter Moo'd Smoothie (Large),940,29,6,0,10,420,146,7,124,31,0,650,2.7,0,54,3,0,7.2,0.024,0.026
Peanut Butter Moo'd Smoothie (Medium),730,20,4.5,0,10,330,120,5,103,23,0,585,2.7,0,54,2.25,0,7.2,0,0.026
Peanut Butter Moo'd Smoothie (Small),450,10,2.5,0,5,200,77,3,67,14,0,325,1.44,0,18,0.9,0,3.6,0,0.026
Pear Apple Juice Blend (8 fl oz),110,0,0,0,0,10,27,,24,0,0,26,0,0,,,,0,0,0
Peenya Kowlada Smoothie (Large),580,6,5,0,5,90,126,3,111,6,0,260,0.72,0,0,0,0,7.2,0.024,0.026
Peenya Kowlada Smoothie (Medium),440,4,3,0,5,70,99,2,88,5,0,195,0.36,0,0,0,0,7.2,0,0.026
Peenya Kowlada Smoothie (Small),310,3.5,2.5,0,5,45,67,2,59,3,0,130,0.36,0,0,0,0,3.6,0,0.026
Pineapple Juice (8 fl oz),120,0,0,0,0,10,30,,30,1,0,0,0,0,,,,0,0,0
Pineapple Sherbet (Blue Scoop),60,0.5,0,0,0,10,13,0,12,0,0,26,0,,,,,,,
Pineapple Sherbet (Green Scoop),70,1,0.5,0,5,10,16,0,15,0,0,26,0,,,,,,,
Pineapple Sherbet (Red Scoop),35,0,0,0,0,5,8,0,7,0,0,26,0,,,,,,,
Pink Star Smoothie (Large),550,2,1,0,5,150,122,3,111,8,0,260,1.44,0.22,0,0.3,0,117,0.024,0.026
Pink Star Smoothie (Medium),400,1.5,1,0,5,105,90,2,82,6,0,195,1.08,0,0,0.3,0,81,0.024,0.026
Pink Star Smoothie (Small),290,1,0.5,0,5,75,64,1,59,4,0,130,0.72,0,0,0,0,54,0,0
Pirate's Booty,100,3.5,0.5,0,0,125,14,1,1,2,0,52,0.72,,,,0,,,
Pomegranate Flavored Apple Juice Blend (8 fl oz),100,3.5,0.5,0,0,125,14,1,1,2,0,52,0.72,,,,0,,,
Pomegranate Paradise Smoothie (Large),380,1,0,0,0,25,93,5,80,3,0,78,1.08,0.22,900,1.5,0,162,0.096,0.078
Pomegranate Paradise Smoothie (Medium),320,0.5,0,0,0,20,79,4,68,2,0,78,0.72,0.22,720,1.2,0,126,0.072,0.078
Pomegranate Paradise Smoothie (Small),210,0,0,0,0,15,53,3,46,2,0,52,0.36,0.22,540,0.9,0,81,0.048,0.052
Protein Berry Workout (Pea) Smoothie (Large),440,1.5,0,0,0,240,88,5,70,20,0,195,5.4,0.22,18,0.3,0,117,0.048,0.078
Protein Berry Workout (Pea) Smoothie (Medium),400,1.5,0,0,0,230,77,4,63,19,0,130,4.5,0.22,18,0.3,0,90,0.048,0.078
Protein Berry Workout (Pea) Smoothie (Small),310,1,0,0,0,200,58,3,47,17,0,130,4.5,0.22,18,0.3,0,63,0.024,0.052
Protein Berry Workout (Soy) Smoothie (Large),440,1,0,0,0,140,87,5,69,20,0,78,2.7,0.22,18,0.3,0,117,0.048,0.078
Protein Berry Workout (Soy) Smoothie (Medium),390,1,0,0,0,130,76,4,61,19,0,78,2.7,0.22,18,0.3,0,90,0.048,0.078
Protein Berry Workout (Soy) Smoothie (Small),300,1,0,0,0,100,57,3,46,16,0,52,1.8,0.22,18,0.3,0,63,0.024,0.052
Protein Berry Workout (Whey) Smoothie (Large),450,2,1,0,35,160,85,5,66,24,0,195,3.6,0.22,36,0.3,0,117,0.048,0.078
Protein Berry Workout (Whey) Smoothie (Medium),390,1.5,0.5,0,35,140,71,4,55,22,0,130,2.7,0.22,18,0.3,0,90,0.048,0.078
Protein Berry Workout (Whey) Smoothie (Small),300,1.5,0.5,0,35,110,51,3,40,20,0,130,1.8,0.22,18,0.3,0,63,0.024,0.052
Pumpkin Bowl With Frozen Yogurt,710,13,5,0,0,190,143,8,95,11,0,195,2.7,0.88,1260,13.5,0,22.5,0.18,0.104
Pumpkin Bowl With Oatmilk Frozen Dessert,770,22,13,0,0,150,141,9,87,9,0,104,2.7,0.88,1260,13.5,0,22.5,0.18,0.104
"Pumpkin Smash (Plant Based) Smoothie (Large, Original)",760,30,23,0,0,250,121,5,84,6,0,585,1.8,0,1890,5.25,8,9,0,0.325
"Pumpkin Smash (Plant Based) Smoothie (Medium, Original)",610,25,19,0,0,190,96,4,66,5,0,455,1.44,0,1440,3.75,6,7.2,0,0.26
"Pumpkin Smash (Plant Based) Smoothie (Small, Original)",370,15,11,0,0,125,59,2,41,3,0,325,0.72,0,990,2.25,4,3.6,0,0.195
"Pumpkin Smash Classic Smoothie (Large, Original)",570,5,3,0,20,360,115,1,106,17,0,780,0.36,0,1350,5.25,0,9,0,0
"Pumpkin Smash Classic Smoothie (Medium, Original)",440,4,2.5,0,15,280,90,1,83,13,0,585,0.36,0,990,3.75,0,7.2,0,0
"Pumpkin Smash Classic Smoothie (Small, Original)",290,2.5,1.5,0,10,180,59,1,54,8,0,390,0,0,630,2.25,0,3.6,0,0
Purely Carrot Juice (Large),310,2,0,0,0,530,73,21,36,7,0,325,2.7,1.1,22950,3.75,0,63,0.42,0.325
Purely Carrot Juice (Medium),250,1.5,0,0,0,410,57,17,28,6,0,260,1.8,1.1,18000,3,0,54,0.36,0.26
Purely Carrot Juice (Small),180,1,0,0,0,300,42,12,21,4,0,195,1.44,0.66,13050,2.25,0,40.5,0.24,0.195
Purely Orange Juice (Large),390,1.5,0,0,0,10,90,2,73,6,0,130,1.8,0.22,315,0.3,0,648,0.6,0.195
Purely Orange Juice (Medium),310,1.5,0,0,0,5,71,1,57,5,0,104,1.44,0.22,225,0.3,0,513,0.48,0.13
Purely Orange Juice (Small),220,1,0,0,0,0,52,1,42,3,0,78,1.08,0.22,180,0,0,369,0.36,0.104
Raspberry Sherbet (Blue Scoop),60,0.5,0,0,0,10,12,0,11,0,0,26,0,,,,,,,
Raspberry Sherbet (Green Scoop),80,1,0.5,0,5,10,16,0,15,0,0,26,0,,,,,,,
Raspberry Sherbet (Red Scoop),40,0,0,0,0,5,9,0,8,0,0,26,0,,,,,,,
Razzmatazz Smoothie (Large),430,2,1,0,5,55,102,4,88,2,0,130,0.72,0.22,18,0.3,0,117,0.024,0.052
Razzmatazz Smoothie (Medium),320,2,1,0,5,40,77,3,66,1,0,104,0.72,0.22,0,0.3,0,81,0.024,0.052
Razzmatazz Smoothie (Small),240,1,0.5,0,5,30,57,2,49,1,0,78,0.36,0.22,0,0.3,0,54,0.024,0.026
Red Gummi Smoothie (Large),510,3.5,2.5,0,10,125,111,1,101,5,0,195,1.44,0,0,0,0,54,0,0
Red Gummi Smoothie (Medium),410,3,2,0,10,105,89,1,81,4,0,130,1.08,0,0,0,0,40.5,0,0
Red Gummi Smoothie (Small),260,2,1,0,5,70,57,1,52,3,0,78,0.72,0,0,0,0,27,0,0
"Sandwich, Bacon, Roasted Tomato (Spinach & Feta)",250,9,3,0,15,600,30,4,2,12,0,195,1.8,,135,,,13.5,,
"Sandwich, Roasted Tomato (Spinach & Feta)",240,8,3,0,15,550,30,4,2,11,0,195,1.8,,135,,,13.5,,
Sirens Chocolate Brownie Protein Bites,200,8,6,0,0,190,21,4,9,12,0,52,1.8,,,,,,,
Sirens Lemon Poppyseed Protein Bites,190,5,5,0,0,190,21,4,9,12,0,52,1.8,,,,,,,
Smartwater,0,0,0,0,0,0,0,0,0,0,0,0,0,,,,0,,,
Smooth Talkin Mango Smoothie (Large),440,10,1,0,0,200,89,8,61,5,0,1040,1.44,0.22,2790,2.25,14,180,0.18,0.65
Smooth Talkin Mango Smoothie (Medium),380,8,1,0,0,170,76,7,53,5,0,910,1.44,0.22,2430,1.5,12,153,0.18,0.585
Smooth Talkin Mango Smoothie (Small),250,6,0.5,0,0,110,49,4,34,3,0,585,0.72,0,1530,0.9,8,99,0.096,0.39
Sour Gummi Smoothie (Large),500,3.5,2.5,0,10,50,117,2,106,1,0,130,0.36,0,0,0.3,0,22.5,0.024,0.026
Sour Gummi Smoothie (Medium),370,3,2,0,10,40,86,1,78,0,0,104,0,0,0,0.3,0,18,0.024,0.026
Sour Gummi Smoothie (Small),260,2,1,0,5,25,60,1,54,0,0,78,0,0,0,0.3,0,13.5,0,0
Sourdough Parmesan Pretzel,420,11,3,0,15,690,69,3,3,12,0,130,3.6,,0,,,0,,
Soy Protein Boost,40,0,0,0,0,0,0,0,0,9,0,0,,,0,,,0,,
Soymilk (8 fl oz),150,0,0,0,0,80,29,0,28,5,0,26,1.08,0,0,0,0,0,0,0
Spinach Boost,5,0,0,0,0,20,1,1,0,1,0,26,0.72,0,405,0.3,0,9,0.024,0.026
Spring Veggie Egg Bake,200,14,8,0,185,480,8,1,1,10,0,195,1.08,,,,,,,
Strawberry Flavored Boba Boost,35,0,0,0,0,10,9,0,8,0,0,130,0,0,0,0,0,0,0,0
Strawberries Gone Bananas Smoothie (10 oz),140,0,0,0,0,10,35,3,26,1,0,26,0.36,0.22,0,0.3,0,81,0.024,0.026
Strawberries Gone Bananas Smoothie (12 oz),170,0,0,0,0,10,43,4,31,2,0,26,0.72,0.22,18,0.3,0,90,0.024,0.052
Strawberries Wild Smoothie (Large),430,0.5,0,0,0,85,102,4,85,6,0,260,0.72,0.22,18,0.3,0,117,0.024,0.052
Strawberries Wild Smoothie (Medium),320,0,0,0,0,65,77,3,64,5,0,195,0.72,0.22,0,0.3,0,81,0.024,0.052
Strawberries Wild Smoothie (Small),230,0,0,0,0,45,56,2,47,3,0,130,0.36,0.22,0,0.3,0,54,0.024,0.026
Strawberry Surf Rider Smoothie (Large),430,2.5,1,0,5,25,102,3,93,1,0,104,0.72,0.22,36,0.6,0,126,0.024,0.026
Strawberry Surf Rider Smoothie (Medium),330,2,1,0,5,20,80,3,73,1,0,78,0.36,0.22,36,0.6,0,99,0.024,0.026
Strawberry Surf Rider Smoothie (Small),240,1,0.5,0,5,15,57,2,52,1,0,52,0.36,0,18,0.3,0,72,0.024,0.026
Strawberry Whirl Smoothie (Large),350,1,0,0,0,25,87,7,65,3,0,78,1.08,0.44,18,0.6,0,171,0.048,0.078
Strawberry Whirl Smoothie (Medium),290,0.5,0,0,0,20,72,5,54,3,0,52,1.08,0.22,18,0.3,0,126,0.048,0.078
Strawberry Whirl Smoothie (Small),200,0,0,0,0,15,49,4,37,2,0,52,0.72,0.22,18,0.3,0,90,0.024,0.052
"Strawberry, Fresh (Topping)",5,0,0,0,0,0,1,0,1,0,0,0,0,0,0,0,0,18,0,0
Summer Blackberry Smoothie (Large),570,23,20,0,0,35,92,5,68,3,0,195,1.44,0.66,90,0,5,90,0.072,0.026
Summer Blackberry Smoothie (Medium),470,19,17,0,0,30,75,4,56,2,0,130,1.08,0.66,72,0,4,63,0.048,0.026
Summer Blackberry Smoothie (Small),290,11,10,0,0,20,47,2,35,2,0,104,0.72,0.44,54,0,3,45,0.048,0.026
Sweet Belgian Waffle,310,15,8,0,25,290,39,1,19,5,0,26,0.72,0,0,0,0,0,0,0
"Sweet Cloud Whip Foam, Topping (Green Scoop)",60,3.5,3,0,0,10,8,0,4,0,0,52,0,,72,7.5,0.8,0,,0.026
Tapioca Boba Boost,80,0,0,0,0,30,21,0,18,0,0,0,0,0,0,0,0,0,0,0
The Go Getter Smoothie (Large),380,2.5,0,0,0,120,85,12,62,10,280,585,4.5,0.66,6750,2.25,0,909,0.18,0.195
The Go Getter Smoothie (Medium),310,2,0,0,0,95,70,9,51,8,210,455,3.6,0.44,5220,1.5,0,738,0.12,0.13
The Go Getter Smoothie (Small),260,1.5,0,0,0,85,57,8,41,7,175,390,3.6,0.44,4500,1.5,0,621,0.12,0.13
Topped Waffle Bowl With Cocowhip,570,27,16,0,25,300,79,5,37,8,0,52,1.8,0.44,0,19.5,0,45,0.12,0.052
Topped Waffle Bowl With Greek Yogurt,570,20,9,0,30,350,78,5,42,20,0,260,1.8,0.44,0,0.3,0,45,0.12,0.052
Belgian Waffle Bowl With Frozen Oatmilk Dessert,660,30,18,0,25,300,92,6,47,9,0,78,1.8,0.44,0,0.3,0,45,0.12,0.052
Belgian Waffle Bowl With Fat Free Vanilla Frozen Yogurt,580,20,9,0,25,350,91,5,54,11,0,195,1.8,0.44,0,0.3,0,45,0.12,0.052
Belgian Waffle Bowl With Lime Sherbet,580,21,9,0,30,320,89,5,51,8,0,104,1.8,0.44,0,0.3,0,45,0.12,0.052
Belgian Waffle Bowl With Orange Sherbet,570,21,9,0,30,320,89,5,52,8,0,104,1.8,0.44,0,0.3,0,45,0.12,0.052
Belgian Waffle Bowl With Pineapple Sherbet,580,21,9,0,30,320,91,5,53,8,0,104,1.8,0.44,0,0.3,0,45,0.12,0.052
Belgian Waffle Bowl With Raspberry Sherbet,580,21,9,0,30,320,90,5,52,8,0,104,1.8,0.44,0,0.3,0,45,0.12,0.052
Tropical Dragon Twist Smoothie (Small),310,1.5,1,0,5,35,72,3,63,1,0,78,1.08,0,450,0.6,0,45,0.024,0.026
Tropical Dragon Twist Smoothie (Medium),420,2.5,1.5,0,5,50,99,3,86,2,0,130,1.08,0,720,0.9,0,63,0.048,0.052
Tropical Dragon Twist Smoothie (Large),570,3.5,2,0,10,65,133,5,116,2,0,130,1.8,0,900,0.9,0,81,0.048,0.052
Plant Based Tropical Dragon Twist Smoothie (Small),360,9,8,0,0,25,70,3,55,2,0,52,1.44,0,450,0.6,0,45,0.024,0.026
Plant Based Tropical Dragon Twist Smoothie (Medium),540,16,14,0,0,30,102,5,80,3,0,78,1.8,0,720,0.9,0,63,0.048,0.052
Plant Based Tropical Dragon Twist Smoothie (Large),700,19,17,0,0,40,133,7,104,4,0,104,2.7,0,900,0.9,0,81,0.048,0.052
Tropical Dragon Twist Bowl,430,9,4.5,0,0,25,84,12,52,6,0,78,2.7,0.66,900,1.2,0,90,0.18,0.13
Turkey Sausage 'n Cheese Breakfast Wrap,320,15,6,0,40,580,30,1,1,17,0,260,1.44,,54,,,0,,
Turmeric Shot (Rtd),25,0,0,0,0,0,6,0,3,0,0,0,0,0,0,0,,54,0,0
Vanilla Blue Sky Bowl,290,8,3,0,0,60,52,7,26,5,0,260,1.8,0.66,72,1.5,3,108,0.18,0.078
Vanilla Blue Sky Smoothie (Large),360,7,4,0,0,150,77,8,48,3,0,780,1.8,1.1,225,4.5,10,162,0.18,0.13
Vanilla Blue Sky Smoothie (Medium),280,5,3,0,0,110,59,6,37,3,0,585,1.44,0.66,180,3.75,8,117,0.12,0.104
Vanilla Blue Sky Smoothie (Small),200,4.5,2.5,0,0,90,43,5,27,2,0,455,1.08,0.66,135,3,7,81,0.096,0.078
Vanilla Coconutmilk (8 fl oz),80,4.5,4,0,0,15,10,,8,0,0,104,0,1.1,,,,0,,
Veggie Vitality Juice (Large),280,1.5,0,0,0,300,65,11,43,6,0,325,4.5,1.1,10170,3,0,81,0.3,0.325
Veggie Vitality Juice (Medium),230,1,0,0,0,240,52,9,35,5,0,260,3.6,0.88,8190,2.25,0,63,0.24,0.26
Veggie Vitality Juice (Small),190,1,0,0,0,220,44,8,29,4,0,195,2.7,0.66,7740,2.25,0,54,0.18,0.26
Watermelon Breeze Smoothie (Large),510,2,1,0,5,75,120,3,104,3,0,130,5.4,0.22,1440,0.3,0,153,0.048,0.026
Watermelon Breeze Smoothie (Medium),410,1.5,1,0,5,60,98,2,85,2,0,130,4.5,0.22,1260,0.3,0,108,0.048,0.026
Watermelon Breeze Smoothie (Small),300,1,0.5,0,5,45,71,2,62,2,0,78,3.6,0.22,990,0,0,81,0.024,0.026
Plant-Based Watermelon Breeze Smoothie (Large),590,13,11,0,0,60,120,5,96,4,0,104,6.3,0.22,1440,0.3,0,153,0.048,0.026
Plant-Based Watermelon Breeze Smoothie (Medium),490,11,9,0,0,50,99,3,80,3,0,78,5.4,0.22,1260,0.3,0,108,0.048,0.026
Plant-Based Watermelon Breeze Smoothie (Small),330,6,5,0,0,35,69,2,57,2,0,52,3.6,0.22,990,0,0,81,0.024,0.026
Watermelon Grape Juice Blend (8 fl oz),160,0,0,0,0,25,39,,35,1,0,26,2.7,0,,,,1.8,0,0
Wheatgrass Juice Shot,15,0,0,0,0,10,2,0,1,1,0,,3.6,,,,,13.5,,
Wheatgrass Shot (Rtd),25,0,0,0,0,0,5,0,4,0,0,0,1.8,,0,,,9,,
Whey Protein Boost,70,1,0.5,0,35,30,2,0,1,13,0,78,0.36,,18,,,0,,
White Gummi Smoothie (Large),600,4.5,3,0,15,125,136,1,122,4,0,195,1.8,0,405,0.6,0,27,0.024,0.026
White Gummi Smoothie (Medium),450,3.5,2,0,10,85,102,1,91,2,0,130,1.08,0,360,0.3,0,22.5,0.024,0.026
White Gummi Smoothie (Small),310,2.5,1.5,0,5,60,70,1,63,2,0,104,0.72,0,225,0.3,0,13.5,0.024,0.026
Food Should Taste Good Multigrain Tortilla Chip,210,9,1,0,0,120,27,5,2,4,,52,1.08,,0,,,0,,
Hippeas Organic Chickpea Puffs,250,7,0,0,0,240,23,4,4,5,,52,1.08,,,,0,,,
Kind Snacks Protein Crunchy Peanut Butter Bar,250,18,4,0,0,135,17,6,7,12,,26,1.08,,,,0,,,
Kind Snacks Protein Double Dark Chocolate Bar,240,17,4,0,0,125,18,5,8,12,,52,1.8,,,,0,,,
Spindrift Lemon Sparkling Water,5,0,0,0,0,0,1,0,0,0,,0,0,,,,,,,
Spindrift Grapefruit Sparkling Water,15,0,0,0,0,0,4,0,3,0,,0,0,,,,,,,
Spindrift Raspberry Lime Sparkling Water,5,0,0,0,0,0,1,0,1,0,,0,0,,,,,,,
Vitacoco Original Coconut Water,45,0,0,0,0,35,11,0,10,0,,52,0,,,,,54,,
Vitacoco Pressed Coconut Water,60,1.5,1,0,0,30,11,0,10,0,,52,0,,,,,99,,
Chocolate Moo'd Powder (Soy Scoop),60,0,0,0,0,15,15,1,14,1,,26,0.36,,0,,0,,,
Southwest Style Turkey Sausage Wrap,370,15,5,0,30,480,38,3,4,22,0,195,2.7,,,,,,,
Ham (Egg and Swiss on Mini Sprouted Grain Bistro Bun Sandwich),200,9,3.5,0,100,580,14,1,2,13,0,195,1.08,,,,,,,
"Feta, Spinach, Tomto (Egg White Bake)",200,13,7,9,35,440,9,1,2,12,0,195,1.08,,,,,,,
Classic Breakfast Sandwich on Multigrain Ciabatta Bun,410,25,9,0,115,660,30,3,1,15,,195,1.8,,,,,,,
Impossible Vegetarian Breakfast Sandwich on Multigrain Ciabatta Bun,330,15,6,0,15,720,33,4,0,15,,260,2.7,,,,,,,
Tango Oasis Smoothie (Large),470,2,1,0,5,70,112,3,97,2,0,130,1.8,0.22,810,1.2,0,99,0.072,0.052
Tango Oasis Smoothie (Medium),360,1.5,1,0,5,50,85,3,74,2,0,104,1.44,0,720,0.9,0,81,0.048,0.052
Tango Oasis Breeze Smoothie (Small),250,1,0.5,0,5,40,61,2,53,1,0,78,1.08,0,450,0.6,0,54,0.024,0.026
Golden Summer Smoothie (Small),190,0,0,0,0,5,46,2,42,2,0,26,0.36,0,450,0.6,0,54,0.048,0.052
Golden Summer Smoothie (Medium),260,0.5,0,0,0,5,64,4,58,2,0,52,0.72,0.22,720,1.2,0,81,0.096,0.078
Golden Summer Smoothie (Large),340,0.5,0,0,0,5,84,4,76,3,0,52,0.72,0.22,900,1.2,0,99,0.096,0.078
